Token,Lemma
EF,EF
pps,pps
|,|
ZIEGE,ZIEGE
|,|
 , 
Lo,Lo
 , 
2s83,2s83
|,|
 , 
EDE,EDE
|,|
BÜRO,BÜRO
PSUEAE,PSUEAE
(,--
DBBI,DBBI
",",--
 , 
Rütkiriti,Rütkiriti
des,der
Kabinetis,Kabineti
Seidler,Seidler
.,--
 , 
Gesamtdemission,Gesamtdemission
:,--
des,der
Minisferrais,Minisferrai
.,--
 , 
heißt,heißen
alfo,Alfo
",",--
daß,daß
ihm,ihm
die,der
Bildung,Bildung
des,der
neuen,neu
Kabi-,Kabi
netts,Nett
übertragen,übertragen
wird,werden
.,--
Geidler,Geidler
soll,sollen
bereits,bereits
die,der
 , 
gierung,Gierung
auf,auf
Grund,Grund
des,der
8,8
14,14
(,--
Ausschaltung,Ausschaltung
des,der
Parlaments,Parlament
),--
zurüffehren,zurüffehren
.,--
Wir,wir
hoffen,hoffen
",",--
daß,daß
ein,ein
Jolch,Jolch
gefährliches,gefährlich
Experiment,Experiment
unseren,unser
Verbündeten,verbündeter
erfpart,erfparen
bleibt,bleiben
.,--
i,i
 , 
Durch,durch
die,der
Polen,Polen
gestürzt,stürzen
.,--
 , 
Telegr,Telegr
.,--
unseres,unser
Korrespoadenken,Korrespoadenken
",",--
Wien,Wien
",",--
23.,23.
Zuni,Zuni
.,--
 , 
Der,der
Potenklub,Potenklub
nahm,nehmen
in,in
einer,ein
nah,nah
 , 
mittägigen,mittägig
Sißung,Sißung
einstimmig,einstimmig
und,und
ohne,ohne
 , 
Hege,Hege
",",--
 , 
Hub,Hub
feine,fein
Bereitwilligkeit,Bereitwilligkeit
",",--
dem,der
Staate,Staat
zu,zu
bewilligen,bewilligen
",",--
was,wer
zur,zu
Er-,Er-
haltung,Haltung
und,und
Verteidigung,Verteidigung
seines,sein
Daseins,Dasein
för,för
»,--
derlich,derlich
ist,sein
.,--
Doch,doch
muß,müssen
er,er
gegen,gegen
eine,ein
Re-,Re
giexung,Giexung
Stellung,Stellung
nehmen,nehmen
",",--
dezen,dezen
Wirken,wirken
ex,ex
für,für
sHädlic,sHädlic
hält,halten
",",--
wobei,wobei
ex,ex
sih,sih
von,von
 , 
waagen,waag
den,der
unbegründeten,unbegründet
Vorwurf,Vorwurf
verwahrt,verwahren
",",--
durc,durc
eine,ein
derortige,derortig
der,der
parlamen-,parlamen
tarischen,tarisch
Gepflogenheit,Gepflogenheit
entsprechende,entsprechend
nahme,Nahme
die,der
Znteressen,Znteresse
des,der
Staates,Staat
oder,oder
des,der
 , 
Inu,Inu
der,der
Erwägung,Erwägung
",",--
daß,daß
Ministerpräsident,Ministerpräsident
Geidlor,Geidlor
zum,zu
Schaden,Schaden
des,der
motionalen,motional
po1-,po1-
nischeu,nischeu
Interesses,Interesse
gewirkt,wirken
hat,haben
",",--
daß,daß
seine,sein
 , 
es,es
nicht,nicht
verstand,verstehen
",",--
das,der
Ernäh,Ernäh
zungsprablem,Zungsprablem
zu,zu
lösen,lösen
",",--
und,und
buß,buß
sein,sein
Re-,Re-
den,der
Parlomentarismnus,Parlomentarismnus
und,und
den,der
 , 
seine,sein
Zusagen,Zusage
nicht,nicht
votsagt,votsagen
der,der
Polenklinb,Polenklinb
dem,der
 , 
*,*
Mintsterpräsidenten,Mintsterpräsidente
Seidler,Seidler
sein,sein
 , 
Vertrauen,vertrauen
",",--
Der,der
Polenklub,Polenklub
verlangt,verlangen
die,der
[,[
0,0
+,+
 , 
Jortige,jortig
Sinbarulnng,Sinbarulnng
ves,ver
Reichoreois,Reichoreois
 , 
Ir,Ir
;,--
Rijk,Rijk
KINN,KINN
 , 
Bn,Bn
Mann,Mann
x,x
 , 
|,|
 , 
f,f
',--
fis,fis
 , 
HE,HE
0,0
:,--
In,in
|,|
 , 
it,--
:,--
HE,HE
Ii,ii
373,373
 , 
|,|
 , 
Jas,Jas
Unweiter,Unweiter
in,in
Benetien,Benetie
.,--
 , 
Die,der
infolg,infolg
«,--
der,der
enormen,enorm
Regengüsse,Regengüs
hoch-,hoch
gehende,gehend
Piave,Piave
und,und
die,der
versumpften,versumpft
Kampfgelände,Kampfgeland
jsiellen,jsiellen
an,an
Führung,Führung
und,und
Truppen,Truppe
hohe,hoch
Anforderungen,Anforderung
.,--
Die,der
zähe,zähe
Tapfer-,Tapfer
keit,keit
und,und
restlose,restlos
Pflichterfüllung,Pflichterfüllung
bis,bis
zum,zu
einzel-,einzel
nen,nen
Mann,Mann
hinab,hinab
vermögen,vermögen
ader,ad
dennoch,dennoch
aller,aller
Schwierigkeiten,Schwierigkeit
des,der
Kampfes,Kampf
und,und
der,der
Versor-,Versor
gung,Gung
der,der
ersten,erster
Linien,Linie
restlos,restlos
Here,Here
zu,zu
werden,werden
.,--
So,so
wurden,werden
neuerlich,neuerlich
troß,Troß
dieser,dieser
erscchhwerten,erscchhwert
Verhältnisse,Verhältnis
die,der
massierten,massiert
Angriffe,Angriff
der,der
Italiener,Italiener
am,an
Montello,Montello
und,und
am,an
Süd,Süd
.,--
 , 
abgeschlagen,abschlagen
.,--
 , 
Eine,ein
schhwache,schhwach
Abteilung,Abteilung
eines,ein
Zufanterie-,Zufanterie
Regimentes,Regiment
brachte,bringen
bei,bei
einem,ein
kühnen,kühn
Vorstoß,Vorstoß
hundert,hundert
italienische,italienisch
Gefangene,gefangener
ein,ein
",",--
die,der
allein,allein
vier,vier
Brigaden,Brigade
angehörten,angehören
",",--
ein,ein
neuerlicher,neuerlich
Be,Be
»,--
weis,weis
dafür,dafür
",",--
wie,wie
schr,Schr
durh,durh
den,der
rüffichtslosen,rüffichtslos
Einsaß,Einsaß
von,von
Reserven,Reserve
die,der
Verbände,Verband
unserer,unser
Geg,Geg
»,--
ner,ner
bereits,bereits
durcheinandergeworfen,durcheinandergeworfen
find,find
;,--
an,an
manchen,mancher
Stellen,Stelle
",",--
wo,wo
der,der
Gegner,Gegner
im,in
Hand-,Hand
gemenge,gemeng
voor,Voor
unseren,unser
Etellungen,Etellung
abgewiesen,abweisen
wurde,werden
",",--
ließ,lassen
er,er
Beute,Beute
und,und
Gefangene,gefangener
in,in
unseren,unser
Händen,Hand
zurü,zurü
&,&
.,--
Eine,ein
Honved-Kavalleriedivision,Honved-Kavalleriedivision
madhte,madhen
so,so
sechs,sechs
Offiziere,Offizier
und,und
226,226
Maun,Maun
zu,zu
G,G
e-,e-
fangenen,fangenen
",",--
erbeutete,erbeutet
fünf,fünf
Maschinenzewehre,Maschinenzewehre
und,und
fünf,fünf
ieusen,ieusen
.,--
 , 
Mitrai,Mitrai
Am,an
Dosso,Dosso
Alto,Alto
",",--
im,in
Abschnitt,Abschnitt
von,von
Riva,Riva
",",--
brach,brechen
ein,ein
Versuch,Versuch
der,der
Italiener,Italiener
",",--
die,der
 , 
Dienstag,Dienstag
wird,werden
der,der
Leitungsausschuß,Leitungsausschuß
der,der
deutschhnationalen,deutschhnational
Parteien,Partei
zusam,zusam
»,--
feine,fein
Stellung,Stellung
 , 
ihnen,ihnen
dort,dort
entrissenen,entrissen
Gräden,Gräd
wieder,wieder
zurüczu,zurüczu
»,--
nahmen,nehmen
",",--
bereits,bereits
in,in
unserem,unser
Feuer,Feuer
zusammen,zusammen
.,--
üer,üer
herrschte,Herrscht
schr,schr
 , 
Den,der
ganzen,ganz
Tag,Tag
lebhafte,lebhaft
Fliegertätigkeit,Fliegertätigkeit
 , 
Jie,Jie
Schwere,schwere
der,der
feindlichen,feindlich
Bersuffe,Bersuff
.,--
 , 
bei,bei
einem,ein
deutshen,deutsh
Korps,Korps
 , 
gend,gend
die,der
Pre,Pre
angebliche,angeblich
deutsche,deutsch
zahlenmäßige,zahlenmäßig
Ueberlegenheit,Ueberlegenheit
an,an
der,der
Kampssro,Kampssro
!,--
 , 
pagnien,pagnien
mit,mit
nur,nur
zehn,zehn
Mann,Mann
zurück-,zurück-
kamen,kommen
.,--
 , 
Kronprinz,Kronprinz
Kuppreht,Kuppreht
",",--
Beiderseits,Beiderseit
der,der
Somme,Somm
hiel,hiel
!,--
die,der
rege,reg
Tätig,Tätig
»,--
keit,Keit
des,der
Feindes,Feind
an,an
.,--
Ein,ein
nächtlicher,nächtlich
Angriff,Angriff
der,der
Engländer,Engländer
bei,bei
Morlancourt,Morlancourt
zwischen,zwischen
Ancre,Ancre
und,und
Somme,Somm
brach,brechen
in,in
unserer,unser
:,--
Feuer,Feuer
zusammen,zusammen
",",--
Heeresg,Heeresg
Deutscher,deutsch
Krouprinug,Krouprinug
 , 
Ludendorff,Ludendorff
.,--
*,*
 , 
(,--
mflich,mflich
),--
Berlin,Berlin
",",--
B.,B.
Juni,Juni
",",--
abends,abends
.,--
Karpffronten,Karpffronten
nichts,nichts
Neues,neue
.,--
 , 
der,der
Krise,Krise
ist,sein
kaum,kaum
vor,vor
Ende,Ende
der,der
nächsten,nächster
Woche,Woche
zu,zu
erwarten,erwarten
.,--
Die,der
Strömung,Strömung
für,für
einen,ein
Zusam-,Zusam-
mentritt,Mentritt
des,der
Parlaments,Parlament
no,no
<,<
&,&
im,in
Sommer,Sommer
wird,werden
inzwischen,inzwischen
immer,immer
stärker,stark
.,--
 , 
Die,der
Gozialdemokraten,Gozialdemokrat
haben,haben
als,als
 , 
Es,es
HN,HN
Fehrp,Fehrp
 , 
=,=
SOI,SOI
NEae,NEae
dew,dew
NINA,NINA
.,--
»,--
7,7
 , 
Hegeier,Hegeier
",",--
Eugen,Eugen
Ka,Ka
!,--
kschmidt,Kschmidt
",",--
.,--
Wolph,Wolph
Köster,Köster
",",--
 , 
Richard,Richard
Meyer,Meyer
",",--
Dr.,Dr.
Maz,Maz
Osborn,Osborn
",",--
Kar,Kar
!,--
Rosner,Rosner
",",--
Wilhelm,Wilhelm
Scheuermonn,Scheuermonn
",",--
Prof.,Prof.
Dr.,Dr.
Georg,Georg
Wegener,Wegener
.,--
 , 
.,--
Her,Her
Wo,wo
:,--
flauf,flauf
der,der
Saasichen,saasich
Rede,Rede
.,--
 , 
stenographische,stenographisch
Bericht,Bericht
der,der
Reichstags,Reichstag
»,--
vom,von
11.,11.
Zuni,Zuni
ist,sein
uns,uns
jezt,jezt
zugegangen,zugegangen
.,--
hat,haben
Dr.,Dr.
Hoas,Hoas
wörtlicß,wörtlicß
folgendes,folgend
ge,ge
»,--
 , 
dann,dann
dem,der
„,--
März,März
“,--
eimit,eimit
Riigleit,Riigleit
feiner,fein
Da,da
legungen,legungen
 , 
gsbericterstatter,Gsbericterstatter
wirken,wirken
.,--
Sie,sie
Segern,Seger
fich,fich
über,über
die,der
Gee,Gee
Flofigfeit,Flofigfeit
",",--
sie,sie
wollen,wollen
diese,dieser
Unwahrheiten,Unwahrheite
 , 
Hervor,Hervor
",",--
daß,daß
Dr.,Dr.
Haas,Haas
sowohl,sowohl
 , 
"""",--
t,t
 , 
aufgeführt,aufführen
und,und
zum,zu
deren,der
Kritik,Kritik
 , 
Der,der
Reichsverband,Reichsverband
der,der
Deutscchen,Deutscche
sse,sse
hat,haben
eine,ein
Eingabe,Eingabe
an,an
den,der
Reihs-,Reihs
 , 
Fas,Fas
 , 
|,|
",",--
der,der
Industrie,Industrie
",",--
des,der
Ö,Ö
 , 
egründung,Egründung
wird,werden
auseinender-,auseinender
it,--
es,es
hat,haben
",",--
das,der
Werk,Werk
lier,lier
in,in
Betracht,Betracht
kom-,kom
 , 
Ere,Ere
 , 
Bh878,Bh878
ze,ze
 , 
|,|
 , 
HÄ,HÄ
 , 
SEEN,SEEN
31,31
m,m
],]
 , 
A,--
Ei,Ei
7,7
i,i
 , 
173,173
 , 
Uf,Uf
1,1
 , 
77387,77387
"""",--
8,8
F,F
 , 
feines,fein
Bertädigung,Bertädigung
zu,zu
5,5
 , 
Die,der
Throncede,Throncede
fiche,fichen
„,--
wie,wie
folgt,folgen
:,--
Der,der
Re,Re
»,--
gentschaftsrat,gentschaftsrat
und,und
die,der
polnische,polnisch
Regierung,Regierung
hegen,hegen
in,in
genauer,genau
Betrachtung,Betrachtung
der,der
Entwiclung,Entwiclung
der,der
Tat-,Tat
fachen,fachen
die,der
feste,fest
Ueberzeugung,Ueberzeugung
",",--
daß,daß
das,der
ga,ga
;,--
Bol,Bol
?,--
zu,zu
ihm,ihm
steht,stehen
",",--
vereinigt,vereinigen
in,in
dem,der
Streben,Streben
nach,nach
einem,ein
freien,frei
und,und
unabhängigen,unabhängig
Da-,Da-
sein,sein
",",--
und,und
daß,daß
dieses,dieser
Bestreben,bestreben
dur,dur
<,<
die,der
un,UN
»,--
erschültterliche,erschültterlich
Logi,Logi
?,--
der,der
Geschichte,Geschichte
unterstüßt,unterstüßen
wird,werden
",",--
welche,welcher
dnrch,Dnrch
den,der
großen,groß
Zur,zu
Bo,Bo
»,--
freiung,freiung
dez,dez
Bölter,Bölter
und,und
zur,zu
stactlichen,stactlich
Reugeftal-,Reugeftal
 , 
:,--
Europas,Europa
führt,führen
.,--
 , 
im,in
uns,uns
auf,auf
den,der
großzerzigen,großzerzig
Akt,Akt
der,der
mächtigen,mächtig
Herxscher,Herxscher
",",--
die,der
Po,Po
!,--
Ene,Ene
unabhängic,unabhängic
zi,zi
 , 
len,len
ein,ein
iges,ig
Dasein,Dasein
verbürgen,verbürgen
.,--
Diese,dieser
Bürgschaft,Bürgschaft
st,st
einerjeits,einerjeits
die,der
Duelle,Duelle
tiefer,tief
Dankbarkeit,Dankbarkeit
für,für
die,der
Monarchen,Monarch
",",--
anderverfeits,anderverfeits
für,für
 , 
uns,uns
und,und
unsere,unser
Regierung,Regierung
die,der
Grundlage,Grundlage
der,der
|,|
wagen,wagen
Dr,Dr
Fegg,Fegg
Fe,Fe
Hout-,Hout-
lie,Lie
',--
nabhängigfeit,nabhängigfeit
Poles,Poles
",",--
in,in
engem,eng
Einver,Einver
»,--
nehmen,nehmen
mit,mit
den,der
beiden,beide
Zentralmächten,Zentralmächt
fort,fort
»,--
scchhreitend,scchhreitend
",",--
in,in
dauerndem,dauernd
Vertrage,Vertrage
mit,mit
diesen,dieser
zum,zu
Ausdruc,Ausdruc
kommen,kommen
wird,werden
.,--
Indem,indem
wir,wir
diesen,dieser
Weg,Weg
gehen,gehen
",",--
witnschen,witnschen
wir,wir
",",--
daß,daß
Volen,Vol
einehisto,einehisto
»,--
rische,risch
Missionim,Missionim
Osten,Osten
Europas,Europa
ver,ver
»,--
wirkliche,wirklich
",",--
und,und
wie,wie
Slauben,Slauben
fest,fest
daß,daß
unser,unser
Er,er
»,--
 , 
folg,Folg
im,in
höchsten,hoch
Moße,Moße
m,m
abhängt,abhängen
",",--
welche,welcher
kulturelle,kulturell
und,und
politische,politisch
i,i
unswes,unswe
eigenen,eigen
Volkes,Volk
erlangen,erlangen
werden,werden
",",--
und,und
 , 
deren,der
Ergehniste,Ergehniste
.,--
Tiefbewegt,Tiefbewegt
flehen,flehen
wir,wir
Gott,Gott
um,um
seinen,sein
Segen,Segen
an,an
für,für
sie,sie
",",--
der,der
zugleich,zugleich
auch,auch
für,für
Polen,Polen
ein,ein
Segen,Segen
werden,werden
wird,werden
.,--
 , 
Am,an
ittog,Ittog
fand,finden
die,der
erste,erster
ordentliche,ordentlich
Situng,Situng
statt,statt
",",--
in,in
der,der
die,der
Wahl,Wahl
der,der
beiden,beide
Vize,Vize
»,--
marschälle,marschällen
",",--
der,der
vier,vier
ausscusse,ausscuß
 , 
Sekretäre,Sekretär
und,und
eines,ein
Saupt-,Saupt
ses,ses
vorgenommen,vornehmen
wurde,werden
.,--
 , 
Die,der
Antwor,Antwor
!,--
au,au
iönig,iönig
Ferdinand,Ferdinand
.,--
 , 
Unverzügliche,unverzüglich
Anerk-nnung,Anerk-nnung
des,der
Friedens,Frieden
vertrages,vertrag
.,--
 , 
Teolegraphischer,Teolegraphischer
Berit,Berit
Zasshy-,Zasshy
23.,23.
Juni,Juni
.,--
 , 
Zn,zn
der,der
gestern,gestern
in,in
Jassy,Jassy
stattgefuzdenen,stattgefuzden
Sikung,Sikung
der,der
Deputiertenkammer,Deputiertenkammer
wude,wuden
die,der
An,an
wort,Wort
auf,auf
die,der
Thronrede,Thronrede
des,der
Königs,König
voyge'eien,voyge'eien
.,--
Die,der
Ver'ammlung,Ver'ammlung
der,der
Deputierten,deputierter
",",--
9,9
haißt,haißen
es,es
in,in
der,der
Antwort,Antwort
",",--
wird,werden
unverzüglic,unverzüglic
),--
den,der
TZriedengwertrag,TZriedengwertrag
anerbennen,anerbennen
",",--
und,und
ist,sein
überz,überz
:,--
vct,vct
",",--
daß,daß
Rumänien,Rumänien
in,in
der,der
vielqeprüften,vielqeprüft
Lebens,Leben
?,--
raft,Raft
",",--
in,in
der,der
Bateriamdsliche,Bateriamdsliche
und,und
in,in
dem,der
Aufopferungs-,Aufopferung
geist,Geist
seines,sein
Volkes,Volk
die,der
Kraft,Kraft
zum,zu
Leben,Leben
und,und
Fortschritt,Fortschritt
finden,finden
wird,werden
.,--
Dank,dank
dam,dam
Patrietiomus,Patrietiomus
der,der
Vertreter,Vertreter
des,der
Landes,Land
",",--
die,der
die,der
Friedensver-,Friedensver
Handlungen,Handlung
zu,zu
einem,ein
guten,gut
Ende,Ende
geführt,führen
hoben,heben
",",--
ist,sein
ber,ber
mchr,mchr
als,als
ein,ein
Jahrhundert,Jahrhundert
alte,alt
Traum,Traum
",",--
der,der
jowchl,Jowchl
diesfeits,diesfeits
wie,wie
jensei,jensei
Praths,Prath
lebenden,lebend
Rumänen,Rumäne
in,in
E,E
90.,90.
gangen,gangen
.,--
Beßarabien,Beßarabien
hat,haben
fich,fich
freiwiltig,freiwiltig
ans,an
Muitterlaud,Muitterlaud
angeschlossen,anschließen
und,und
zwar,zwar
in,in
dem,der
Augenblis,Augenblis
",",--
als,als
das,der
blutende,blutend
Land,Land
des,der
",",--
Trostes,Trost
und,und
der,der
Stärkung,Stärkung
am,am
meisten,meister
bedurfte,bedürfen
.,--
Von,von
dem,der
Wunsche,Wunsche
veseelt,veseeln
",",--
fich,fich
künftig,künftig
der,der
Frächte,Frächt
des,der
Frie,Frie
»,--
dens,dens
zu,zu
erfreuen,erfreuen
",",--
sicht,sichtn
das,der
Land,Land
im,in
Entgegen,Entgegen
",",--
kommen,kommen
der,der
Mächte,Mächte
",",--
mit,mit
denen,der
wir,wir
Fries,Frie
den,der
geschlossen,schließen
haben,haben
",",--
eine,ein
Brücke,Brücke
zur,zu
Wiederher-,Wiederher
stellung,Stellung
der,der
früheren,früh
freundlichen,freundlich
Beziehungen,Beziehung
.,--
 , 
Durch,durch
den,der
Friedenovertrag,Friedenovertrag
ist,sein
Rumänien,Rumänien
ein,ein
neutraler,neutral
Staat,Staat
geworden,werden
",",--
und,und
diese,dieser
Stellung,Stellung
wird,werden
ihm,ihm
gestatten,gestatten
",",--
die,der
guten,gut
inter-,inter
nationalen,national
Beziehungen,Beziehung
zu,zu
den,der
auderen,aud
Staaten,Staat
 , 
des,der
 , 
inzipien,inzipien
geschaffen,schaffen
wurden,werden
",",--
gate,gat
nachbarliche,nachbarlich
Beziehungen,Beziehung
zu,zu
treten,treten
.,--
 , 
wurden,werden
dem,der
König,König
Sym,Sym
»,--
path,Path
etab,Etab
gebungen,gebung
Kant,Kant
 , 
Stürmische,Stürmisch
Kammerdebatte,Kammerdebatte
in,in
Frankreich,Frankreich
.,--
Die,der
Zahlungen,Zahlung
für,für
russische,russisch
Schulden,Schuld
.,--
Telegraphisccher,Telegraphisccher
Bericht,Bericht
.,--
 , 
024,024
 , 
Wille,Wille
Virtschaftlich,Virtschaftlich
",",--
politis,politis
<,<
und,und
strate,strat
»,--
 , 
isch,isch
an,an
der,der
Ehwelle,Ehwelle
Deutschlands,Deutschland
gelegen,liegen
",",--
weiß,wissen
landen,landen
",",--
daß,daß
feine,fein
Selöstämdigfeit,Selöstämdigfeit
eine,ein
rgale,rgal
Sicherung,Sicherung
Deutschlands,Deutschland
it,--
",",--
aber,aber
auch,auch
nicht,nicht
ol,ol
",",--
ne,ne
(,--
fands,fand
Silfe,Silfe
zustande,zustande
?,--
ommen,ommen
fann,Fann
.,--
Diese,dieser
indigceit,Indigceit
ist,sein
nar,Nar
denn,denn
eine,ein
sichere,sicher
und,und
für,für
 , 
-,--
Zulumft,Zulumft
unanzreisbare,unanzreisbar
Grundfage,Grundfage
unferes,unferes
Doltsvums,Doltsvum
",",--
wenn,wenn
sie,sie
eime,eim
politische,politisch
Selbständig,Selbständig
»,--
keit,keit
ist,sein
",",--
eigene,eigen
gesetgebemde,gesetgebemd
Körperschaften,Körperschaft
",",--
und,und
e.zeaviterliche,e.zeaviterlich
Gewalt,Gewalt
 , 
|,|
",",--
unfere,unf
politischen,politisch
",",--
len,len
Belange,Belang
fo,fo
zu,zu
qe,qe
 , 
schichte,schicht
und,und
Selbsterhaltung,Selbsterhaltung
weisen,weisen
Deutschland,Deutschland
und,und
Flandern,Flandern
das,der
aleiche,aleich
Ziek,Ziek
zu,zu
:,--
„,--
Ein,ein
freies,frei
fetbständiges,fetbständig
Flandern,Flandern
.,--
“,--
 , 
„,--
Jas,Jas
Siernenbanner,Siernenbanner
über,über
Berlia,Berlia
.,--
“,--
Ameritanische,ameritanisch
Kriegepfyebose,Kriegepfyebose
.,--
 , 
Vas,Vas
den,der
indischen,indisch
Silfsvöl2ern,Silfsvöl2ern
Englands,England
und,und
der,der
„,--
russischen,russisch
Dan,Dan
seligen,selig
Ge,Ge
»,--
denkens,denkens
n;ht,n;ht
glüden,glüden
wollte,wollen
",",--
der,der
triumphicrende,triumphicrend
Einmorschh,Einmorschh
im,in
die,der
Hauptstadt,Hauptstadt
des,der
wverhoßten,wverhoßter
 , 
deutschen,deutsch
Barbarenvolles,Barbarenvoll
",",--
glaubt,glauben
der,der
Yankee,Yankee
in,in
der,der
Uebersewerzlicteit,Uebersewerzlicteit
feiner,fein
ersten,erster
Ari,Ari
;,--
begeisterung,Begeisterung
et,et
:,--
erzeihen,erzeihen
zu,zu
können,können
.,--
Wie,wie
 , 
(,--
New,--
Yo,Yo
!,--
ische,isch
Minister,Minister
Me,Me
Adoo,Adoo
in,in
a.,a.
Ansproche,Ansproch
an,an
Eisenbehnbeamte,Eisenbehnbeamt
in,in
El,El
 , 
„,--
Auf,auf
diesor,Diesor
ganzen,ganz
weiten,weit
Erde,Erde
ist,sein
micht,michen
Bioß,Bioß
genug,genug
für,für
die,der
deutsche,deutsch
und,und
omerite,omerit
»,--
nische,nisch
Flaaye,Flaaye
.,--
Wir,wir
wenden,wenden
nicht,nicht
eger,eg
die,der
Wasien,Wasie
wiederlegen,wiederlegen
",",--
bis,bis
unsere,unser
Flagge,Flagge
über,über
Berlin,Berlin
weht,wehen
.,--
“,--
 , 
Mr.,Mr.
Me,Me
Adco,Adco
wird,werden
fich,fich
dieser,dieser
Worte,Wort
ein,ein
»,--
al,--
mit,mit
derselben,derselbe
Melancholie,Melancholie
erinnern,erinnern
müssen,müssen
wie,wie
Lord,Lord
Curzen,Curzen
feiner,fein
kühnen,kühn
Prophezeiun,Prophezeiun
»,--
am,an
den,der
iH,IH
der,der
Sikhs,Sikhs
und,und
Gurkas,Gurka
in,in
Potsdam,Potsdam
.,--
 , 
Ein,ein
neuer,neu
fausdswae-Bries,fausdswae-Bries
?,--
Teleg2.,Teleg2.
unferes,unferes
Korrefpondenten,Korrefpondenter
.,--
 , 
Eyristiania,Eyristiania
",",--
23.,23.
Iurt,Iurt
.,--
 , 
Die,der
Times,Times
melden,melden
:,--
Angeblich,angeblich
steht,stehen
die,der
Ber,Ber
»,--
öffentlihung,öffentlihung
eines,ein
neuen,neu
Briefes,Brief
von,von
Lansdowne,Lansdowne
bevor,bevor
",",--
der,der
vorschlägt,vorschlägen
",",--
D,D
e,e
uts<-,uts<-
land,land
freie,frei
Hand,Hand
im,in
Osten,Osten
zu,zu
laffer,laff
und,und
Defür,Defür
eine,ein
Verständigung,Verständigung
im,in
Westen,Westen
zu,zu
 , 
jucßen,jucßen
.,--
Dieser,dieser
Brief,Brief
soll,sollen
fertig,fertig
konzipiert,konzipieren
sein,sein
und,und
der,der
Presse,Presse
übersandt,übersandt
werden,werden
",",--
sobald,sobald
eine,ein
neue,neu
deutfehe,deutfehe
Friedensbewegung,Friedensbewegung
den,der
Anlaß,Anlaß
dazu,dazu
 , 
1,1
UE,UE
3,3
],]
it,--
 , 
4,4
33,33
:,--
j,j
j,J
 , 
17,17
 , 
I,I
;,--
H,H
zr,zr
 , 
ji,Ji
 , 
WITTI,WITTI
:,--
df,df
 , 
[,[
9,9
],]
 , 
sie,sie
 , 
3,3
 , 
„,--
PREE,PREE
“,--
PEEL,PEEL
 , 
ix,ix
 , 
[,[
4,4
 , 
LE,LE
 , 
SUSI,SUSI
tw,tw
 , 
Der,der
technische,technisch
Fortschvitt,Fortschvitt
dieser,dieser
Neuerung,Neuerung
wird,werden
allenkhalben,allenkhalben
uneingeschränkte,uneingeschränkt
Anerkeanung,Anerkeanung
finden,finden
.,--
Es,es
wäre,sein
zur,zu
gut,gut
",",--
wenn,wenn
das,der
Eisen,Eisen
»,--
 , 
Bremfen,Bremfe
richten,richten
würde,werden
.,--
in,in
diesem,dieser
Ministerium,Ministerium
sollte,sollen
auß,auß
für,für
andere,anderer
Fortschritte,Fortschritt
„,--
freie,frei
Bahn,Bahn
“,--
sein,sein
.,--
 , 
und,und
Beamfenrecht,Beamfenrecht
.,--
 , 
Die,der
t,t
Mr,Mr
DISS,DISS
 , 
i,i
t,t
t.,T.
STe,STe
deu,deu
 , 
','
e,e
 , 
aii,aii
Die,der
zur,zu
„,--
ie,ie
Be-,Be
 , 
77,77
 , 
[,[
!,--
 , 
ie,ie
 , 
PAS,PAS
RARSUEE,RARSUEE
 , 
LSEEEN,LSEEEN
 , 
(,--
ALLIEN,ALLIEN
 , 
Li,Li
 , 
|,|
 , 
28,28
?,--
 , 
ZIE,ZIE
 , 
=,=
 , 
LASEN,LASEN
],]
 , 
(,--
AI,AI
 , 
VERGR,VERGR
ER,ER
38,38
 , 
DIFa,DIFa
 , 
TASSPP,TASSPP
uU,uU
PP,PP
SBU,SBU
ZNSTÄF,ZNSTÄF
 , 
SE,SE
RTÜG,RTÜG
STIPT,STIPT
AUER,AUER
 , 
|,|
.,--
 , 
„,--
Da,da
sämtliche,sämtlicher
Personen,Person
",",--
die,der
in,in
der,der
krittschen,krittsch
 , 
in,in
den,der
von,von
der,der
Katastrophe,Katastrophe
betroffenen,betroffen
tot,tot
 , 
Echwerverlegten,Echwerverlegte
vernehmungs-,vernehmungs-
fähig,fähig
sein,sein
werden,werden
.,--
Es,es
scheint,scheinen
festzustehen,festzustehen
",",--
daß,daß
in,in
den,der
Räumen,Raum
der,der
Vioskypgeselschaft,Vioskypgeselschaft
eine,ein
 , 
von,von
Filmrollen,Filmrollen
gelegen,liegen
hat,haben
",",--
als,als
.,--
Weiter,weiter
liegt,liegen
eine,ein
hohe,hoch
Wahrscheinlichkeit,Wahrscheinlichkeit
dafür,dafür
vor,vor
",",--
daß,daß
zwe,zwe
?,--
Explo,Explo
»,--
sionen,sionen
stattgefunden,stattfinden
haben,haben
",",--
nämlich,nämlich
",",--
die,der
erste,erster
im,in
FKRleberaum,FKRleberaum
",",--
von,von
wos,wos
aus,aus
die,der
Flammen,Flamme
durch,durch
einen,ein
Gang,Gang
ihre,ihr
Weg,Weg
dis,dis
in,in
jenen,jener
Raum,Raum
nahmen,nehmen
",",--
wo,wo
in,in
Ke,Ke
die,der
Vorräte,Vorrat
an,an
Filmrollen,Filmrollen
lagerten,lagern
.,--
Do.,Do.
«,--
folgte,folgen
nun,nun
die,der
zweite,zweiter
Explosion,Explosion
",",--
durc,durc
die,der
der,der
Vorführungsoperateur,Vorführungsoperateur
und,und
eine,ein
weitere,weit
son,son
.,--
gefötet,föten
wurden,werden
.,--
Bei,bei
der,der
Besichtigung,Besichtigung
",",--
die,der
vom,von
Minister,Minister
des,der
Innern,innere
und,und
dem,der
Poiizei-,Poiizei
präsidenten,Präsident
vorgenommen,vornehmen
wurde,werden
",",--
erklärte,erklären
ein,ein
Angestellter,angestellter
der,der
Telefunkengesellschoft,Telefunkengesellschoft
",",--
daß,daß
ex,ex
Wahrnehmungen,Wahrnehmung
gemacht,machen
habe,haben
",",--
die,der
auf,auf
einen,ein
Kurfcchlaß,Kurfcchlaß
im,in
Vorführungsroum,Vorführungsroum
schließen,schließen
lie,lie
»,--
ßen,ßen
.,--
Ob,ob
ir,ir
Becbacztung,Becbacztung
FE,FE
xe,xe
ven,v
Wutrifft,Wutrifft
",",--
läßt,lassen
fich,fich
nicht,nicht
nachprüfen,nachprüfen
.,--
I,I
;,--
 , 
Jr,Jr
ELEEN,ELEEN
 , 
ij,ij
FEES,FEES
 , 
in,in
 , 
|,|
 , 
.,--
HE,HE
 , 
a5,a5
1,1
 , 
j,j
 , 
14,14
8,8
[,[
ij,ij
 , 
I,I
EINEEEEZ,EINEEEEZ
 , 
an,an
den,der
Dettelsiad,Dettelsiad
gebracht,bringen
heraus,heraus
bitten,bitten
jücter,Jücter
",",--
auch,auch
im,in
Namen,Name
sen,sen
des,der
Havel-Obst-Gaues,Havel-Obst-Gaues
die,der
Arete,Aret
„,--
für,für
Gemüse,Gemüse
und,und
Obst,Obst
.,--
so,so
dringend,dringend
hältnisse,hältnisse
aller,aller
Obsftgüchter,Obsftgüchter
de,de
 , 
Siandeuburg,Siandeuburg
fei,fei
werden,werden
",",--
ohne,ohne
Änd,Änd
 , 
echelon,Echelon
ih,ih
t.,T.
pj,Pj
an,an
en,en
Ge,Ge
 , 
rsenier,rseni
feinen,fein
Pls,Pls
Loppie,Loppie
 , 
iten,iten
:,--
Plaß,Plaß
ging,gehen
.,--
Im,in
Einlauf,Einlauf
auf,auf
bae,bae
42,42
noch,noch
vorn,vorn
und,und
fast,fast
halte,halten
",",--
es,es
den,der
An,an
»,--
sien,Sie
is,--
6b,6b
der,der
Oppenhoimer,Oppenhoimer
[,[
wiese,Wiese
Ä,Ä
Der,der
Hengst,Hengst
wird,werden
aber,aber
kurz,kurz
vor,vor
dem,der
rzer,Rzer
und,und
fürzer,Fürzer
und,und
vermag,vermögen
nur,nur
wenig,wenig
Wi,Wi
stand,stehen
zu,zu
leisten,leisten
",",--
als,als
Sersenier,Sersenier
",",--
und,und
gleic,gleic
der,der
mächtig,mächtig
aufrücende,aufrücend
Wirbe,Wirbe
!,--
an,an
ihm,ihm
vor,vor
»,--
deigehen,deigehen
.,--
Der,der
leßtere,leßteren
",",--
der,der
hier,hier
die,der
Farben,Farbe
des,der
mpel,Mpel
zu,zu
exsien,Exsien
klassischen,klassisch
Siegesehren,Siegesehr
[=,[=
me,--
fich,fich
zum,zu
Schluß,Schluß
sehr,sehr
ficher,fich
gegen,gegen
ve,ve
der,der
noc,noc
<,<
einen,ein
Sais,Sais
vor,vor
Skäri,Skäri
Der,der
Weinbergsche,Weinbergsche
Landst,Landst
ssen,ssen
mäßiges,mäßig
Abschneiden,abschneiden
eine,ein
große,groß
Enttäu-,Enttäu-
schung,Schung
bedeutete,bedeuten
",",--
war,sein
der,der
vierte,vierter
vor,vor
Musher,Musher
und,und
 , 
hr,hr
überraschend,überraschend
war,sein
auh,auh
der,der
Ausgang,Ausgang
",",--
des,der
Deutschen,deutsch
Stutenpreises,Stutenpreis
",",--
in,in
dem,der
die,der
favorisierte,favorisiert
Edderiz,Edderiz
vollständi,vollständi
",",--
 , 
Die,der
Gradißerin,Gradißerin
Baloua,Baloua
",",--
 , 
die,der
traß,Traß
ihres,ihr
Atemfehlers,Atemfehler
und,und
trog,Trog
des,der
tiefen,tief
Bodens,Boden
glatt,glatt
über,über
die,der
Derbydistanz,Derbydistanz
kam,kommen
.,--
Die,der
Weinberosche,weinberosch
Macht,Macht
endete,enden
hier,hier
als,als
Dritte,dritter
vox,vox
Domherrin,Domherrin
und,und
Edderiß,Edderiß
.,--
 , 
Der,der
Stall,Stall
Haniel,Haniel
hatte,haben
überhaupt,überhaupt
einen,ein
ganz,ganz
großen,groß
Tag,Tag
",",--
da,da
er,er
mit,mit
Laubfrosch,Laubfrosch
",",--
Einsiedler,Einsiedler
und,und
Tantalus,Tantalus
noch,noch
drei,drei
weitere,weit
Rennen,rennen
„,--
Zi,Zi
90,90
»,--
winnen,winnen
vermochte,vermögen
.,--
 , 
Mie,mie
Vertiner,Vertiner
"""",--
Tusbaiispieie,Tusbaiispieie
wurden,werden
gesterm,gesterm
.,--
den,der
Sturm,Sturm
und,und
sehz,sehzn
ent,ent
re,re
äumafpiel,äumafpiel
3,3
gwischen,gwisch
Minekwa,Minekwa
fen,fen
Df,Df
DePantow,DePantow
über,über
»,--
",",--
raschend,raschend
5:5,5:5
(,--
3:2,3:2
),--
In,in
und,und
ohne,ohne
Preczelt,Preczelt
",",--
I,I
ar,ar
zuerst,zuerst
jelte,jelen
durch,durch
Scymidt,Scymidt
1nd,1nd
“,--
sien,si
Iore,Iore
",",--
bis,bis
si,si
Pank,Pank
','
B,B
„,--
zafammenfand,Zafammenfand
durch,durch
Wolf,Wolf
und,und
Kader,Kader
zwei,zwei
Tore,Tor
aufholte,aufholten
.,--
Rach,Rach
:,--
dem,der
Mincxva,Mincxva
ihren,ihr
Vor,vor
 , 
er,er
Seide,Seide
picle,picle
Bae,Bae
vegen,vegen
der,der
ungünstigen,ungünstig
Witterung,Witterung
nicht,nicht
|atta,|atta
finden,finden
.,--
 , 
Anfall,Anfall
der,der
Radcennen,Radcenn
.,--
Die,der
im,in
Sportpark,Sportpark
?,--
Treptow,Treptow
",",--
die,der
die,der
Ent,Ent
»,--
','
scheidung,Scheidung
des,der
„,--
Temento,Temento
1916,1916
*,*
bringen,bringen
fa,fa
 , 
g,g
nerischen,nerisch
 , 
nächsten,nächster
Sonntag,Sonntag
verfchoben,verfchoben
werden,werden
.,--
=,=
-,--
Das,der
Goldene,golden
Ra,Ra
vou,vou
Dortmund,Dortmund
fiel,fallen
ebenfalls,ebenfalls
dez,dez
unglinsiigen,unglinsiig
Witterung,Witterung
zum,zu
Dier,Dier
und,und
gelangt,gelangen
am,an
Somatag,Somatag
zum,zu
Austrog,Austrog
.,--
 , 
Erfolge,Erfolg
Verlinzr,Verlinzr
Leichtathleten,Leichtathlet
4u-,4u-
Hamburg,Hamburg
.,--
Dos,Dos
Sam,Sam
 , 
nien,nien
f,f
S.,S.
€,€
.,--
),--
das,der
Kugeistsde,Kugeistsde
:,--
an,an
zei,zei
10,10
PALA,PALA
Newa,Newa
79,79
 , 
Turngem,Turng
",",--
gegen,gegen
Holstei,Holstei
 , 
d,d
erb,erb
 , 
fier,Fier
",",--
in,in
9,9
Tire,Tire
Überzefh,Überzefh
.,--
von,von
Sander,Sander
(;,(;
as,as
 , 
dung,Dung
fich,fich
der,der
“,--
Senta,Senta
WRE,WRE
anpaßt,anpassen
.,--
Eine,ein
unferbewtigen,unferbewtig
Beis,Beis
Hilinissoit,Hilinissoit
wirklich,wirklich
ee,ee
.,--
 , 
uns,uns
fmöen,fmöen
",",--
7,7
wid,wid
es,es
Zhan,Zhan
Wit,Wit
it,--
beit,Beit
Ges,Ges
 , 
=,=
=,=
Waihallau,Waihallau
:,--
 , 
za,za
Johann,Johann
Strauss,Strauss
us,us
wien,Wien
 , 
mad,mad
Verben,Verben
?,--
einer,ein
räzenren,räzenr
Anzeht,Anzeht
 , 
03107,03107
",",--
modernster,modernst
und,und
gediegenster,Gediegenster
mmer,Mmer
",",--
88,88
/,--
008,008
",",--
Herrenzimmar,Herrenzimmar
2,2
:,--
 , 
„,--
Königshof,Königshof
vi,vi
[,[
7,7
],]
Wohrenhot,Wohrenhot
 , 
|,|
Geochäffzlokal,Geochäffzlokal
beit,Beit
",",--
ZE,ZE
 , 
vorm,vor
von,von
Oh,Oh
vis,vis
1,1
und,und
3,3
dis,dis
8,8
%,%
Uhr,Uhr
nac,nac
),--
 , 
','
V.,V.
Fischer,Fischer
Ix,Ix
 , 
wiege,wieg
Gummimäniel,Gummimäniel
110,110
",",--
1,1
 , 
veremänte,veremänt
+,+
+,+
08.188,08.188
€,€
3.100,3.100
",",--
188,188
vor,vor
:,--
 , 
SeidenkoStilme,SeidenkoStilme
drs,drs
Wael,Wael
),--
"208,-","208,-"
 , 
Stoft-Kopitime,Stoft-Kopitime
«,--
4,4
«,--
»,--
»,--
"+186,210","+186,210"
vow,vow
.,--
Kombiyations-Kootlime,Kombiyations-Kootlime
.,--
.,--
286,286
",",--
860,860
zom,zom
.,--
 , 
Pelzmäntel,Pelzmäntel
!,--
Piücchmäntel,Piücchmäntel
!,--
 , 
Pracdtaiücke,Pracdtaiücke
135,135
-,--
1900,1900
vow,vow
369,369
-,--
500,500
none,None
Kunotei8nno,Kunotei8nno
Steiekinekent,Steiekinekent
Minter-Ulater,Minter-Ulater
85,85
",",--
128,128
uw,uw
.,--
 , 
Westmann,Westmann
 , 
1.,1.
Geoodäft,Geoodäft
:,--
Beriin,Beriin
Ww,Ww
",",--
3.,3.
Gooehäli,Gooehäli
:,--
Bertin,Bertin
NO,NO
",",--
 , 
Mohrenstrasse,Mohrenstrasse
372,372
 , 
Schwindelanfälle,Schwindelanfäll
",",--
 , 
tv,tv
und,und
Schwäonezustände,Schwäonezuständ
.,--
 , 
Aderverkalkurg,Aderverkalkurg
",",--
 , 
BERLIN,Berlin
€,€
",",--
Giraedirn,Giraedirn
26,26
-,--
2027,2027
 , 
Peel,Peel
&,&
Cloppenburg,Cloppenburg
 , 
Fänpin,Fänpin
Aufbewahrung,Aufbewahrung
wilt,wilen
Pelz-,Pelz
„,--
Wollsachen,Wollsachen
 , 
Mottenschaden,Mottenschad
.,--
 , 
Tereicheruug,Tereicheruug
gegen,gegen
Feuer,Feuer
and,and
Diebstahl,Diebstahl
",",--
 , 
Tolophon,Tolophon
Zentrum,Zentrum
12242--45.,12242--45.
 , 
6teno1,6teno1
E,E
ezrohren,ezrohren
",",--
tätig,tätig
",",--
Eurgicheifthundig|,Eurgicheifthundig|
 , 
Wellenmarkt,Wellenmarkt
 , 
-Masdungen,-Masdung
von,von
3,3
%,%
-,--
16,16
1ss2,1ss2
18,18
-,--
97,97
übe,übe
.,--
 , 
A.,a.
Wertheim,Wertheim
e.m».3.,e.m».3.
 , 
Kontoristin-,Kontoristin
 , 
Bromailt,Bromailt
IIA,IIA
jm,jm
.,--
7,7
M,M
Zie,Zie
unser,unser
baldigen,baldig
Antritt,Antritt
R,R
Gn,Gn
And,And
zu,zu
richten,richten
an,an
 , 
FA,FA
Schon,schon
",",--
8,8
",",--
m,m
1,1
",",--
Verkzeugaschiwanfabelt,Verkzeugaschiwanfabelt
",",--
Abt.,Abt.
 , 
||,||
187,187
Entautdadielung,Entautdadielung
migDeR,migDeR
aus,aus
der,der
Beleucttungetbrper-Srende,Beleucttungetbrper-Srende
||,||
jason,Jason
!,--
gta,gta
Sehr,Sehr
/,--
hl,hl
Rngedeus,Rngedeus
mit,mit
Sedatzkenräden,Sedatzkenräde
die,der
2,2
m,m
 , 
|,|
Calm,Calm
&,&
Bender,Bender
",",--
Gitschiner,Gitschiner
Gtr,Gtr
.,--
82,82
-,--
84.,84.
|,|
 , 
„,--
Schreibgehilfinnen,Schreibgehilfinnen
be,be
.,--
karg,karg
Ilie,Ilie
Wnaebete,Wnaebete
 , 
S,S
aft,aft
Gehucht,Gehucht
Sündige,Sündige
],]
 , 
Malutensilien,Malutensilien
 , 
Ei,Ei
ndenen,nden
 , 
Möbelstoffe,Möbelstoff
Bildex,Bildex
 , 
für,für
Bias,Bia
Porten,Port
2222,2222
Handarbeiten,Handarbeit
Gardinen,Gardin
Bücher,Buch
sofort,sofort
9,9
:,--
Meldungen,Meldung
8,8
des,der
Zeit,Zeit
von,von
U1=13,U1=13
Uhr,Uhr
narmittags,narmittags
 , 
3,3
Kaufhaus,Kaufhaus
des,der
Wetens,Wetens
6.m.b.l,6.m.b.l
.,--
 , 
Beriin,Beriin
W,W
50,50
",",--
Tauentzienstr,Tauentzienstr
.,--
21,21
-,--
24.,24.
 , 
Bankfirma,Bankfirma
 , 
sucht,suchen
etnige,etnig
a,a
Bettag,Bettag
aun,aun
ne,ne
Get,Get
R,R
EIaETe,EIaETe
BR,BR
 , 
nidadirehten,nidadireht
beizufügen,beizufüg
Ind,ind
sind,sein
ante,ant
Knabe,Knabe
",",--
der,der
ansprüche,Ansprüch
zu,zu
rieten,Rieten
unt,unt
.,--
Chiffre,Chiffre
8.,8.
8.,8.
7819,7819
Biseindauk,Biseindauk
",",--
Dodd,Dodd
 , 
|,|
MIR,MIR
EE,EE
],]
Verkiftattschreiberinnen,Verkiftattschreiberinnen
|,|
 , 
Keiser,Keiser
&,&
8,8
Schmidt,Schmidt
",",--
 , 
|,|
ide,ide
Pe,Pe
1,1
],]
j,j
Charlottenburger,Charlottenburger
Ufer,Ufer
53,53
-,--
54,54
",",--
 , 
Er,er
.,--
Frankfurter,Frankfurter
Str.,Str.
115,115
B'-,B'-
 , 
Verkäuferinnen,Verkäuferinne
 , 
gewandte,wiandte
",",--
mit,mit
guten,gut
Zeugnissen,Zeugnissen
gesucht,suchen
für,für
unsere,unser
Squittmnaer,Squittmnaer
Belau,Belau
/,--
Skeilen,Skeilen
is,is
»,--
n.,n.
anderhald,Anderhald
Berlins,Berlin
Kenntuisie,Kenntuisie
exforderlie,exforderlie
 , 
Uustein,Uustein
&,&
Co,Co
",",--
Berlin,Berlin
SW,SW
68,68
Kohstrahe,Kohstrahe
28,28
 , 
Zeilnugsperkäufer,Zeilnugsperkäufer
",",--
mw=,mw=
tüchtiger,tüchtig
",",--
zum,zu
Gtraßenverfauf,Gtraßenverfauf
|,|
",",--
Bad,Bad
 , 
','
"""",--
Zandwirtschaftökammer-,Zandwirtschaftökammer
Bertin,Bertin
",",--
Kronprinzenucer,Kronprinzenucer
"4,6.","4,6."
 , 
Tüchtige,Tüchtige
",",--
branchokundige,branchokundig
 , 
Verkäuferinnen,Verkäuferinne
 , 
||,||
[,[
edes,edes
der,der
1.,1.
 , 
junger,jung
Mann,Mann
oder,oder
el,el
EE,EE
BN,BN
 , 
Siemens-Schukertwerke,Siemens-Schukertwerke
Zentralwerksverwa|,Zentralwerksverwa|
(,--
3W,3W
3,3
),--
 , 
Siemensstadt,Siemensstadt
vei,vei
HGerlin,HGerlin
 , 
|,|
Korten,Kort
Perfekter,Perfekter
Registrator,Registrator
 , 
wan,wan
DIEBE,DIEBE
ee,ee
eu,EU
NontangeseliSchaft,NontangeseliSchaft
|S,|S
„,--
iat,iat
&,&
Cy,Cy
mit,mit
beschr,beschr
.,--
Haftung,Haftung
",",--
hrling,Hrling
 , 
tals,tals
Beritn,Beritn
",",--
(,--
Spedutonddurs,Spedutonddurs
Neuen,Neuen
jotoet,Jotoet
 , 
ee,ee
en,en
3,3
",",--
Aopanig,Aopanig
8,8
C0e,C0e
",",--
2,2
 , 
Perfekte,Perfekt
Stenozraphin|,Stenozraphin|
"""",--
ere,ere
h,h
er,er
 , 
(,--
9,9
eins,einer
eit,eit
mehr,mehr
a,a
10,10
Dab,Dab
„,--
autgescht,autgescht
[,[
<,<
<,<
<,<
],]
befrt,befren
13,13
Oryx,Oryx
»,--
Motoren-,Motore
Werke,Werk
Berlin,Berlin
",",--
 , 
ae,ae
|,|
Verlängerte,verlängert
Koloniestraße,Koloniestraß
118.,118.
 , 
echengeheimnisse,echengeheimnissen
|,|
Rechenerbeienben,Rechenerbeienbe
",",--
 , 
Günstiges,Günstiges
Angebot,Angebot
in,in
Schtaf-,Schtaf
",",--
Wonn-,Wonn
und,und
KE,KE
!,--
!,--
SezImmern,SezImmern
 , 
aus,aus
1913,1913
Bobs,Bobs
1,1
107,107
",",--
Ravattl,Ravattl
 , 
Otto,Otto
Schmidt,Schmidt
.,--
Gartenstr,Gartenstr
.,--
52.,52.
 , 
M7,M7
und,und
un,UN
.,--
tien,Tien
 , 
Klektro-phyzikalizehs,Klektro-phyzikalizehs
Methode,Methode
.,--
804,804
derat,derat
",",--
EE,EE
Belu,Belu
Tb,Tb
 , 
darob,darob
unger,ung
kombiniertes,kombiniert
giftfreies,giftfreies
Vs,Vs
uta,uta
0,0
",",--
Mittelobreiter,Mittelobreiter
ung,ung
re,re
Enuiirigiel,Enuiirigiel
",",--
Rtekonmarksloiden,Rtekonmarksloide
",",--
Diadetes,Diadet
(,--
Zuckerkrankheit,Zuckerkrankheit
),--
",",--
Reaakheitoa,Reaakheitoa
",",--
Abaahen,abaah
Kindern,Kind
",",--
oebirurgigehs,oebirurgigehs
Krankheiten,Krankheit
.,--
PIA,PIA
 , 
ere,ere
m,m
 , 
ju-liäret,ju-liäret
Dr.,Dr.
7,7
Abul,Abul
eg,eg
 , 
ei,ei
PAD,PAD
R,R
127,127
 , 
10008009,10008009
7,7
],]
 , 
w,w
 , 
